INSERT INTO STATE
VALUES ('Telangana', 'India');
INSERT INTO STATE
VALUES ('andhra Pradesh ', 'india');
INSERT INTO STATE
VALUES ('kerela', 'India');
INSERT INTO STATE
VALUES ('Bihar ', 'India');
INSERT INTO STATE
VALUES ('assam', 'India');
INSERT INTO STATE
VALUES ('karnakarnataka ', 'India');
INSERT INTO STATE
VALUES ('madhya pradesh ', 'India');
INSERT INTO STATE
VALUES ('west Bengal ', 'India');
INSERT INTO STATE
VALUES ('Odisha', 'India');
INSERT INTO STATE
VALUES ('tamil nadu', 'India');


INSERT INTO PIN VALUES (506001, 'Telangana');
INSERT INTO PIN VALUES (500001, 'Andhra Pradesh');
INSERT INTO PIN VALUES (462001, 'Madhya Pradesh');
INSERT INTO PIN VALUES (700001, 'West Bengal');
INSERT INTO PIN VALUES (682001, 'Kerala');
INSERT INTO PIN VALUES (751001, 'Odisha');
INSERT INTO PIN VALUES (600001, 'Tamil Nadu');
INSERT INTO PIN VALUES (560001, 'Karnataka');
INSERT INTO PIN VALUES (781001, 'Assam');
INSERT INTO PIN VALUES (800001, 'Bihar');



INSERT INTO users VALUES ('21eeboa01', 'Rahul', 'Sharma', 'rahul.sharma@example.com', 'Rahul@123', 29384);
INSERT INTO users VALUES ('21eeboa02', 'Anita', 'Reddy', 'anita.reddy@example.com', 'Anita@123', 500001);
INSERT INTO users VALUES ('21eeboa03', 'Vijay', 'Patel', 'vijay.patel@example.com', 'Vijay@123', 462001);
INSERT INTO users VALUES ('21eeboa04', 'Sita', 'Roy', 'sita.roy@example.com', 'Sita@123', 700001);
INSERT INTO users VALUES ('21eeboa05', 'Anil', 'Nair', 'anil.nair@example.com', 'Anil@123', 682001);
INSERT INTO users VALUES ('21eeboa06', 'Kiran', 'Das', 'kiran.das@example.com', 'Kiran@123', 751001);
INSERT INTO users VALUES ('21eeboa07', 'Lakshmi', 'Iyer', 'lakshmi.iyer@example.com', 'Lakshmi@123', 600001);
INSERT INTO users VALUES ('21eeboa08', 'Arjun', 'Rao', 'arjun.rao@example.com', 'Arjun@123', 560001);
INSERT INTO users VALUES ('21eeboa09', 'Priya', 'Sarma', 'priya.sarma@example.com', 'Priya@123', 781001);
INSERT INTO users VALUES ('21eeboa10', 'Ravi', 'Kumar', 'ravi.kumar@example.com', 'Ravi@123', 800001);

INSERT INTO Profile VALUES ('21eeboa01', 4.5, 1, 1000, 500, 450);
INSERT INTO Profile VALUES ('21eeboa02', 4.2, 2, 950, 480, 430);
INSERT INTO Profile VALUES ('21eeboa03', 4.0, 3, 900, 470, 420);
INSERT INTO Profile VALUES ('21eeboa04', 3.8, 4, 850, 460, 410);
INSERT INTO Profile VALUES ('21eeboa05', 3.5, 5, 800, 450, 400);
INSERT INTO Profile VALUES ('21eeboa06', 3.2, 6, 750, 440, 390);
INSERT INTO Profile VALUES ('21eeboa07', 3.0, 7, 700, 430, 380);
INSERT INTO Profile VALUES ('21eeboa08', 2.8, 8, 650, 420, 370);
INSERT INTO Profile VALUES ('21eeboa09', 2.5, 9, 600, 410, 360);
INSERT INTO Profile VALUES ('21eeboa10', 2.2, 10, 550, 400, 350);

INSERT INTO PROBLEMS VALUES ('CODA01', 'Welcome world.', 'Print “welcome world”');
INSERT INTO PROBLEMS VALUES ('CODA02', 'Beautiful String', 'Beautiful string is a string in which vowel count is equal to Consonant count.');
INSERT INTO PROBLEMS VALUES ('CODA03', 'Minimum no of operations', 'You have n boxes. You are given a binary string boxes of length n, where boxes[i] is ''0'' if the ith box is empty, and ''1'' if it contains one ball. In one operation, you can move one ball from a box to an adjacent box. Box i is adjacent to box j if abs(i - j)  1 Note that after doing so, there may be more than one ball in some boxes. ');
INSERT INTO PROBLEMS VALUES ('ACMU01', 'Am I prime?', 'Check if the given number is prime or not. Input: a number t saying number of test cases. Next t lines contain one number n. Output: print true if the given number is prime, otherwise print false. Input: 5 24 1123 827 623 12 Output: no Yes Yes No no');
INSERT INTO PROBLEMS VALUES ('ACMU02', 'Nth tribonacci number', 'The Tribonacci sequence Tn is defined as follows: T0 = 0, T1 = 1, T2 = 1, and Tn+3 = Tn + Tn+1 + Tn+2 for n >= 0. Given n, return the value of Tn. Example 1: Input: n = 4 Output:');
INSERT INTO problems VALUES('ACMU03', 'Kth largest number', 'Given an integer array nums and an integer k, return the kth largest element in the array. Note that it is the kth largest element in the sorted order, not the kth distinct element. Input: nums = [3,2,1,5,6,4], k = 2 Output: 5 Input: nums = [3,2,3,1,2,4,5,5,6], k = 4 Output: 4');
INSERT INTO problems VALUES('ACMU04', 'Valid string', 'Given a binary string SS consisting of 0 s and 1 s, find whether there exists a rightwise circular rotation of the string such that every 2 adjacent 1 s are separated by at most C 0 s. Sample Input: 3 4 1 1100 4 0 0101 6 1 101001 Sample Output: YES NO YES');
INSERT INTO problems VALUES('CDR01', 'XOR array', 'Find the XOR of an array. Input: A vector array of size n Output: Number, i.e XOR of an array.');
INSERT INTO problems VALUES('CDR02', 'Deepest nodes sum', 'Given the root of a binary tree, return the sum of values of its deepest leaves. Input: root = [1,2,3,4,5,null,6,7,null,null,null,null,8] Output: 15');
INSERT INTO problems VALUES('CDR03', 'Is graph bipartite?', 'Given a graph, find whether the graph is Bipartite. Input: A 2d array Output: Bool value (true or false).');
INSERT INTO problems VALUES('CODW01', 'Palindrome check', 'A number is called palindromic if its decimal representation is a palindrome. You are given a range, described by a pair of integers L and R. Find the sum of all palindromic numbers lying in the range [L, R], inclusive of both the extrema. Input: 1 10 123 150 Output: 45 272');
INSERT INTO problems VALUES('CODW02', 'Sliding Window', 'Given a string s and an integer k. Return the maximum number of vowel letters in any substring of s with length k. Vowel letters in English are (a, e, i, o, u). Input: s = "abciiidef", k = 3 Output: 3 Explanation: The substring "iii" contains 3 vowel letters.');
INSERT INTO problems VALUES('DZER01', 'Reverse string', 'Given a sentence. Print the words of a sentence in reverse order. Sample Input: cats and dogs Sample Output: dogs and cats');
INSERT INTO problems VALUES('DZER02', 'Spiral Order', 'You are given a 2d array having m rows and n columns. Write a program to print it in Spiral form. Input: 2 4 4 1 2 3 4 5 6 7 8 9 10 11 12 13 14 15 16 3 6 1 2 3 4 5 6 7 8 9 10 11 12 13 14 15 16 17 18 Output: 1 2 3 4 8 12 16 15 14 13 9 5 6 7 11 10 1 2 3 4 5 6 12 18 17 16 15 14 13 7 8 9 10 11');
INSERT INTO problems VALUES('DZER03', 'Tower of hanoi', 'Implement Towers of Hanoi program for 3 towers (recursion), and count number of calls made. Sample Input: 13 Sample Output: 7');
INSERT INTO problems VALUES('KCR01', 'Water Bottles', 'Given numBottles full water bottles, you can exchange numExchange empty water bottles for one full water bottle. The operation of drinking a full water bottle turns it into an empty bottle. Return the maximum number of water bottles you can drink. Input: numBottles = 9, numExchange = 3 Output: 13');
INSERT INTO problems VALUES('KCR02', 'LCM problem', 'Two integers A and B are the inputs. Write a program to find GCD and LCM of A and B. Input: The first line contains an integer T, total number of testcases. Then follow T lines, each line contains an integer A and B. Output: Display the GCD and LCM of A and B separated by space respectively. The answer for each test case must be displayed in a new line. Input: 3 120 140 10213 312 10 30');
INSERT INTO problems VALUES('KCR03', 'Smallest path', 'Given a m x n grid filled with non-negative numbers, find a path from top left to bottom right, which minimizes the sum of all numbers along its path. Note: You can only move either down or right at any point in time. Input: grid = [[1,3,1],[1,5,1],[4,2,1]] Output: 7 Explanation: Because the path 1 → 3→ 1 → 1 → 1 minimizes the sum. Example 2: Input: grid = [[1,2,3],[4,5,6]] Output: 12');
INSERT INTO problems VALUES('CODE01', 'Binary search', 'Given an array of integers nums which is sorted in ascending order, and an integer target, write a function to search target in nums. If target exists, then return its index. Otherwise, return -1. Input: nums = [-1,0,3,5,9,12], target = 9 Output: 4');
INSERT INTO problems VALUES('CODE02', 'Next Permutation', 'Find the next permutation of given string. Input: A string Output: The next permutation of string');
INSERT INTO problems VALUES('CODE03', 'Range Queries.', 'Some problems appear hard though they are very easy. Today Aakash is stuck in a range query problem. He has been given an array with only numbers 0 and 1. There are two types of queries - 0 L R  Check whether the number formed from the array elements L to R is even or odd and print EVEN or ODD respectively. ');


-- Insert values into topic table
INSERT INTO topic VALUES ('Arrays', 3, 'easy');
INSERT INTO topic VALUES ('Binary search', 3, 'easy');
INSERT INTO topic VALUES ('Strings', 3, 'easy');
INSERT INTO topic VALUES ('Sorting', 3, 'medium');
INSERT INTO topic VALUES ('Stacks', 2, 'easy');
INSERT INTO topic VALUES ('Queue', 2, 'easy');
INSERT INTO topic VALUES ('Two Pointers', 2, 'medium');
INSERT INTO topic VALUES ('Depth First search', 2, 'medium');
INSERT INTO topic VALUES ('Greedy', 3, 'medium');
INSERT INTO topic VALUES ('Recursion', 3, 'hard');
INSERT INTO topic VALUES ('Back tracking', 3, 'hard');
INSERT INTO topic VALUES ('Bit manipulation', 2, 'medium');
INSERT INTO topic VALUES ('Hashing', 2, 'hard');
INSERT INTO topic VALUES ('Binary Trees', 2, 'hard');
INSERT INTO topic VALUES ('Graphs', 1, 'hard');
INSERT INTO topic VALUES ('Linked Lists', 1, 'medium');
INSERT INTO topic VALUES ('Dynamic programming', 1, 'hard');

-- Insert values into belongs_to table
INSERT INTO belongs_to VALUES ('CODA02', 'Arrays');
INSERT INTO belongs_to VALUES ('KCR02', 'Arrays');
INSERT INTO belongs_to VALUES ('KCR03', 'Arrays');
INSERT INTO belongs_to VALUES ('KCR01', 'Binary search');
INSERT INTO belongs_to VALUES ('KCR02', 'Binary search');
INSERT INTO belongs_to VALUES ('CODA01', 'Binary search');
INSERT INTO belongs_to VALUES ('CODA03', 'Strings');
INSERT INTO belongs_to VALUES ('CDR02', 'Strings');
INSERT INTO belongs_to VALUES ('CDR03', 'Strings');
INSERT INTO belongs_to VALUES ('ACMU04', 'Sorting');
INSERT INTO belongs_to VALUES ('ACMU02', 'Sorting');
INSERT INTO belongs_to VALUES ('CODA02', 'Stacks');
INSERT INTO belongs_to VALUES ('CODA02', 'Queue');
INSERT INTO belongs_to VALUES ('ACMU03', 'Stacks');
INSERT INTO belongs_to VALUES ('ACMU03', 'Queue');
INSERT INTO belongs_to VALUES ('ACMU02', 'Two Pointers');
INSERT INTO belongs_to VALUES ('ACMU01', 'Two Pointers');
INSERT INTO belongs_to VALUES ('DZER02', 'Depth First search');
INSERT INTO belongs_to VALUES ('KCR03', 'Depth First search');
INSERT INTO belongs_to VALUES ('DZER02', 'Greedy');
INSERT INTO belongs_to VALUES ('KCR01', 'Greedy');
INSERT INTO belongs_to VALUES ('DZER03', 'Greedy');
INSERT INTO belongs_to VALUES ('DZER03', 'Recursion');
INSERT INTO belongs_to VALUES ('DZER01', 'Recursion');
INSERT INTO belongs_to VALUES ('CODW02', 'Recursion');
INSERT INTO belongs_to VALUES ('CODA02', 'Back tracking');
INSERT INTO belongs_to VALUES ('CODE03', 'Back tracking');
INSERT INTO belongs_to VALUES ('CODA03', 'Back tracking');
INSERT INTO belongs_to VALUES ('ACMU02', 'Bit manipulation');
INSERT INTO belongs_to VALUES ('CDR03', 'Bit manipulation');
INSERT INTO belongs_to VALUES ('CODA02', 'Hashing');
INSERT INTO belongs_to VALUES ('ACMU03', 'Hashing');
INSERT INTO belongs_to VALUES ('ACMU04', 'Binary Trees');
INSERT INTO belongs_to VALUES ('DZER03', 'Binary Trees');
INSERT INTO belongs_to VALUES ('KCR02', 'Graphs');
INSERT INTO belongs_to VALUES ('CODE01', 'Linked Lists');
INSERT INTO belongs_to VALUES ('CODE03', 'Dynamic programming');

-- Insert values into practice_problems table
INSERT INTO practice_problems VALUES ('CODA01', 'easy');
INSERT INTO practice_problems VALUES ('CODA02', 'medium');
INSERT INTO practice_problems VALUES ('CODA03', 'hard');
INSERT INTO practice_problems VALUES ('ACMU01', 'easy');
INSERT INTO practice_problems VALUES ('ACMU02', 'easy');
INSERT INTO practice_problems VALUES ('ACMU03', 'medium');
INSERT INTO practice_problems VALUES ('ACMU04', 'medium');
INSERT INTO practice_problems VALUES ('CDR01', 'easy');
INSERT INTO practice_problems VALUES ('CDR02', 'easy');
INSERT INTO practice_problems VALUES ('CDR03', 'hard');
INSERT INTO practice_problems VALUES ('CODW01', 'medium');
INSERT INTO practice_problems VALUES ('CODW02', 'hard');
INSERT INTO practice_problems VALUES ('DZER01', 'easy');
INSERT INTO practice_problems VALUES ('DZER02', 'medium');
INSERT INTO practice_problems VALUES ('DZER03', 'hard');
INSERT INTO practice_problems VALUES ('KCR01', 'easy');
INSERT INTO practice_problems VALUES ('KCR02', 'hard');
INSERT INTO practice_problems VALUES ('KCR03', 'medium');
INSERT INTO practice_problems VALUES ('CODE01', 'medium');
INSERT INTO practice_problems VALUES ('CODE02', 'hard');
INSERT INTO practice_problems VALUES ('CODE03', 'easy');


Insert into contest values (0001,'Codeathon 3.o',1500 ,'CSEA');
Insert into contest values (0002,'ACM Unlock', 1200,'ECEA');
Insert into contest values (0003,'Coderbyte',2000 ,'IIIH');
Insert into contest values (0004,'Code wars 4.0',1000 ,'Harbour Space University');
Insert into contest values (0005,'Divide By zero',10000 ,'Harvard University');
Insert into contest values (0006,'Kick Start',5000 ,'CodeNation');
Insert into contest values (0007,'Hash Code',2500 ,'CSEA');

Insert into contest_problems Values ('CODA01',0001 , 100);
Insert into contest_problems Values ('CODA02', 0001, 200);
Insert into contest_problems Values ('CODA03', 0001, 300);
Insert into contest_problems Values ('ACMU01',0002 ,100 );
Insert into contest_problems Values ('ACMU02',0002 ,150 );
Insert into contest_problems Values ('ACMU03', 0002,150 );
Insert into contest_problems Values ('ACMU04', 0002,200 );
Insert into contest_problems Values ('CDR01', 0003, 150);
Insert into contest_problems Values ('CDR02',0003 , 150);
Insert into contest_problems Values ('CDR03', 0003, 200);
Insert into contest_problems Values ('CODW01', 0004,200);
Insert into contest_problems Values ('CODW02',0004 , 300);
Insert into contest_problems Values ('DZER01',0005 ,400);
Insert into contest_problems Values ('DZER02',0005 ,300 );
Insert into contest_problems Values ('DZER03',0005 ,400 );
Insert into contest_problems Values ('KCR01',0006 ,200);
Insert into contest_problems Values ('KCR02', 0006, 150);
Insert into contest_problems Values ('KCR03',0006 , 350);
Insert into contest_problems Values ('CODE01',0007 ,400 );
Insert into contest_problems Values ('CODE02',0007 ,150 );
Insert into contest_problems Values ('CODE03',0007 , 300);

-- Insert values into the participates_in table
INSERT INTO participates_in VALUES (001, '21eeboa01', 2024001);
INSERT INTO participates_in VALUES (001, '21eeboa02', 2024002);
INSERT INTO participates_in VALUES (001, '21eeboa03', 2024003);
INSERT INTO participates_in VALUES (001, '21eeboa04', 2024004);

INSERT INTO participates_in VALUES (002, '21eeboa05', 2024005);
INSERT INTO participates_in VALUES (002, '21eeboa06', 2024006);
INSERT INTO participates_in VALUES (002, '21eeboa07', 2024007);

INSERT INTO participates_in VALUES (003, '21eeboa08', 2024008);
INSERT INTO participates_in VALUES (003, '21eeboa09', 2024009);
INSERT INTO participates_in VALUES (003, '21eeboa10', 2024010);

INSERT INTO participates_in VALUES (004, '21eeboa01', 2024011);
INSERT INTO participates_in VALUES (004, '21eeboa02', 2024012);
INSERT INTO participates_in VALUES (004, '21eeboa03', 2024013);

INSERT INTO participates_in VALUES (005, '21eeboa04', 2024014);
INSERT INTO participates_in VALUES (005, '21eeboa05', 2024015);
INSERT INTO participates_in VALUES (005, '21eeboa06', 2024016);

INSERT INTO participates_in VALUES (006, '21eeboa07', 2024017);
INSERT INTO participates_in VALUES (006, '21eeboa08', 2024018);
INSERT INTO participates_in VALUES (006, '21eeboa09', 2024019);

INSERT INTO participates_in VALUES (007, '21eeboa10', 2024020);
INSERT INTO participates_in VALUES (007, '21eeboa01', 2024021);



-- Insert values into the Results table
INSERT INTO Results VALUES (2024001, 1, 95, '2024-06-25 12:30:00');
INSERT INTO Results VALUES (2024002, 2, 90, '2024-06-25 12:35:00');
INSERT INTO Results VALUES (2024003, 3, 85, '2024-06-25 12:40:00');
INSERT INTO Results VALUES (2024004, 4, 80, '2024-06-25 12:45:00');
INSERT INTO Results VALUES (2024005, 1, 92, '2024-06-26 13:00:00');
INSERT INTO Results VALUES (2024006, 2, 88, '2024-06-26 13:05:00');
INSERT INTO Results VALUES (2024007, 3, 82, '2024-06-26 13:10:00');
INSERT INTO Results VALUES (2024008, 4, 78, '2024-06-26 13:15:00');
INSERT INTO Results VALUES (2024009, 1, 90, '2024-06-27 14:00:00');
INSERT INTO Results VALUES (2024010, 2, 85, '2024-06-27 14:05:00');
INSERT INTO Results VALUES (2024011, 3, 80, '2024-06-27 14:10:00');
INSERT INTO Results VALUES (2024012, 4, 75, '2024-06-27 14:15:00');
INSERT INTO Results VALUES (2024013, 1, 88, '2024-06-28 15:00:00');
INSERT INTO Results VALUES (2024014, 2, 84, '2024-06-28 15:05:00');
INSERT INTO Results VALUES (2024015, 3, 79, '2024-06-28 15:10:00');
INSERT INTO Results VALUES (2024016, 4, 74, '2024-06-28 15:15:00');
INSERT INTO Results VALUES (2024017, 1, 87, '2024-06-29 16:00:00');
INSERT INTO Results VALUES (2024018, 2, 83, '2024-06-29 16:05:00');
INSERT INTO Results VALUES (2024019, 3, 78, '2024-06-29 16:10:00');
INSERT INTO Results VALUES (2024020, 4, 73, '2024-06-29 16:15:00');
INSERT INTO Results VALUES (2024021, 1, 85, '2024-06-30 17:00:00');
